GROUP,PACKAGE,CLASS,INSTRUCTION_MISSED,INSTRUCTION_COVERED,BRANCH_MISSED,BRANCH_COVERED,LINE_MISSED,LINE_COVERED,COMPLEXITY_MISSED,COMPLEXITY_COVERED,METHOD_MISSED,METHOD_COVERED
Apache ZooKeeper - Server,org.apache.zookeeper.metrics,MetricsContext.DetailLevel,0,24,0,0,0,3,0,1,0,1
Apache ZooKeeper - Server,org.apache.zookeeper.metrics,MetricsProviderLifeCycleException,16,0,0,0,8,0,4,0,4,0
Apache ZooKeeper - Server,org.apache.zookeeper.metrics,CounterSet,5,0,0,0,2,0,1,0,1,0
Apache ZooKeeper - Server,org.apache.zookeeper.metrics,Counter,4,0,0,0,2,0,1,0,1,0
Apache ZooKeeper - Server,org.apache.zookeeper.server.auth,DigestAuthenticationProvider,305,0,24,0,62,0,26,0,14,0
Apache ZooKeeper - Server,org.apache.zookeeper.server.auth,EnsembleAuthenticationProvider,125,0,14,0,33,0,15,0,8,0
Apache ZooKeeper - Server,org.apache.zookeeper.server.auth,KerberosName,359,0,30,0,82,0,27,0,12,0
Apache ZooKeeper - Server,org.apache.zookeeper.server.auth,KerberosName.NoMatchingRule,4,0,0,0,2,0,1,0,1,0
Apache ZooKeeper - Server,org.apache.zookeeper.server.auth,AuthenticationProvider,2,0,0,0,1,0,1,0,1,0
Apache ZooKeeper - Server,org.apache.zookeeper.server.auth,IPAuthenticationProvider,226,0,32,0,62,0,25,0,9,0
Apache ZooKeeper - Server,org.apache.zookeeper.server.auth,ServerAuthenticationProvider,11,0,0,0,3,0,3,0,3,0
Apache ZooKeeper - Server,org.apache.zookeeper.server.auth,WrappedAuthenticationProvider,49,0,4,0,13,0,9,0,7,0
Apache ZooKeeper - Server,org.apache.zookeeper.server.auth,KeyAuthenticationProvider,124,0,10,0,35,0,14,0,9,0
Apache ZooKeeper - Server,org.apache.zookeeper.server.auth,SaslServerCallbackHandler,300,0,38,0,63,0,29,0,10,0
Apache ZooKeeper - Server,org.apache.zookeeper.server.auth,ServerAuthenticationProvider.MatchValues,33,0,0,0,12,0,6,0,6,0
Apache ZooKeeper - Server,org.apache.zookeeper.server.auth,ProviderRegistry,144,0,10,0,41,0,13,0,8,0
Apache ZooKeeper - Server,org.apache.zookeeper.server.auth,DigestLoginModule,41,0,2,0,12,0,7,0,6,0
Apache ZooKeeper - Server,org.apache.zookeeper.server.auth,SASLAuthenticationProvider,42,0,8,0,12,0,10,0,6,0
Apache ZooKeeper - Server,org.apache.zookeeper.server.auth,KerberosName.Rule,326,0,40,0,75,0,26,0,6,0
Apache ZooKeeper - Server,org.apache.zookeeper.server.auth,X509AuthenticationProvider,269,0,22,0,71,0,22,0,11,0
Apache ZooKeeper - Server,org.apache.zookeeper.server.auth,ServerAuthenticationProvider.ServerObjs,15,0,0,0,6,0,3,0,3,0
Apache ZooKeeper - Server,org.apache.zookeeper.server.auth,KerberosName.BadFormatString,9,0,0,0,4,0,2,0,2,0
Apache ZooKeeper - Server,org.apache.zookeeper.util,SecurityUtils,341,0,20,0,79,0,16,0,6,0
Apache ZooKeeper - Server,org.apache.zookeeper.util,CircularBlockingQueue,255,0,10,0,68,0,34,0,29,0
Apache ZooKeeper - Server,org.apache.zookeeper.util,SecurityUtils.new PrivilegedExceptionAction() {...},75,0,0,0,6,0,2,0,2,0
Apache ZooKeeper - Server,org.apache.zookeeper.util,SecurityUtils.new PrivilegedExceptionAction() {...},35,0,0,0,6,0,2,0,2,0
Apache ZooKeeper - Server,org.apache.zookeeper.util,PemReader,297,0,12,0,73,0,16,0,10,0
Apache ZooKeeper - Server,org.apache.zookeeper.util,ServiceUtils,34,0,0,0,14,0,5,0,5,0
Apache ZooKeeper - Server,org.apache.zookeeper.server.quorum.auth,NullQuorumAuthServer,4,0,0,0,2,0,2,0,2,0
Apache ZooKeeper - Server,org.apache.zookeeper.server.quorum.auth,QuorumAuth.Status,77,0,8,0,15,0,9,0,4,0
Apache ZooKeeper - Server,org.apache.zookeeper.server.quorum.auth,QuorumAuth,37,0,2,0,8,0,5,0,4,0
Apache ZooKeeper - Server,org.apache.zookeeper.server.quorum.auth,SaslQuorumAuthLearner,346,0,26,0,78,0,21,0,7,0
Apache ZooKeeper - Server,org.apache.zookeeper.server.quorum.auth,SaslQuorumServerCallbackHandler,254,0,30,0,58,0,22,0,7,0
Apache ZooKeeper - Server,org.apache.zookeeper.server.quorum.auth,NullQuorumAuthLearner,4,0,0,0,2,0,2,0,2,0
Apache ZooKeeper - Server,org.apache.zookeeper.server.quorum.auth,SaslQuorumAuthServer,263,0,26,0,72,0,18,0,5,0
Apache ZooKeeper - Server,org.apache.zookeeper.server.quorum.auth,SaslQuorumAuthLearner.new PrivilegedExceptionAction() {...},25,0,0,0,3,0,2,0,2,0
Apache ZooKeeper - Server,org.apache.zookeeper.audit,AuditLogger,1,0,0,0,1,0,1,0,1,0
Apache ZooKeeper - Server,org.apache.zookeeper.audit,Log4jAuditLogger,21,0,2,0,6,0,4,0,3,0
Apache ZooKeeper - Server,org.apache.zookeeper.audit,ZKAuditProvider,157,0,8,0,46,0,16,0,12,0
Apache ZooKeeper - Server,org.apache.zookeeper.audit,AuditEvent.Result,34,0,0,0,2,0,1,0,1,0
Apache ZooKeeper - Server,org.apache.zookeeper.audit,AuditHelper,298,0,42,0,90,0,36,0,11,0
Apache ZooKeeper - Server,org.apache.zookeeper.audit,AuditEvent.FieldName,74,0,0,0,2,0,1,0,1,0
Apache ZooKeeper - Server,org.apache.zookeeper.audit,AuditEvent,105,0,10,0,27,0,11,0,6,0
Apache ZooKeeper - Server,org.apache.zookeeper.common,BCFKSFileLoader.Builder,16,0,0,0,2,0,2,0,2,0
Apache ZooKeeper - Server,org.apache.zookeeper.common,ZKHostnameVerifier.SubjectName,50,0,4,0,11,0,8,0,6,0
Apache ZooKeeper - Server,org.apache.zookeeper.common,Time,16,4,0,0,4,1,3,1,3,1
Apache ZooKeeper - Server,org.apache.zookeeper.common,StandardTypeFileKeyStoreLoader.SupportedStandardKeyFormat,34,0,0,0,2,0,1,0,1,0
Apache ZooKeeper - Server,org.apache.zookeeper.common,KeyStoreFileType,128,0,12,0,24,0,13,0,7,0
Apache ZooKeeper - Server,org.apache.zookeeper.common,QuorumX509Util,7,0,0,0,3,0,3,0,3,0
Apache ZooKeeper - Server,org.apache.zookeeper.common,X509Util,1052,0,70,0,223,0,80,0,45,0
Apache ZooKeeper - Server,org.apache.zookeeper.common,ZKConfig,391,0,14,0,78,0,24,0,17,0
Apache ZooKeeper - Server,org.apache.zookeeper.common,PEMFileLoader.Builder,16,0,0,0,2,0,2,0,2,0
Apache ZooKeeper - Server,org.apache.zookeeper.common,NettyUtils,122,0,20,0,35,0,17,0,7,0
Apache ZooKeeper - Server,org.apache.zookeeper.common,ClientX509Util,21,0,0,0,5,0,4,0,4,0
Apache ZooKeeper - Server,org.apache.zookeeper.common,PathUtils,135,132,36,28,23,24,29,8,4,1
Apache ZooKeeper - Server,org.apache.zookeeper.common,X509Exception.KeyManagerException,8,0,0,0,4,0,2,0,2,0
Apache ZooKeeper - Server,org.apache.zookeeper.common,JKSFileLoader.Builder,16,0,0,0,2,0,2,0,2,0
Apache ZooKeeper - Server,org.apache.zookeeper.common,AtomicFileWritingIdiom,53,0,6,0,19,0,6,0,3,0
Apache ZooKeeper - Server,org.apache.zookeeper.common,FileChangeWatcher,137,0,12,0,33,0,15,0,9,0
Apache ZooKeeper - Server,org.apache.zookeeper.common,FileChangeWatcher.State,54,0,0,0,6,0,1,0,1,0
Apache ZooKeeper - Server,org.apache.zookeeper.common,JKSFileLoader,8,0,0,0,2,0,1,0,1,0
Apache ZooKeeper - Server,org.apache.zookeeper.common,X509Exception,13,0,0,0,6,0,3,0,3,0
Apache ZooKeeper - Server,org.apache.zookeeper.common,BCFKSFileLoader,8,0,0,0,2,0,1,0,1,0
Apache ZooKeeper - Server,org.apache.zookeeper.common,PathTrie,354,0,30,0,78,0,25,0,10,0
Apache ZooKeeper - Server,org.apache.zookeeper.common,X509Util.ClientAuth,59,0,4,0,11,0,6,0,4,0
Apache ZooKeeper - Server,org.apache.zookeeper.common,X509Exception.SSLContextException,13,0,0,0,6,0,3,0,3,0
Apache ZooKeeper - Server,org.apache.zookeeper.common,PathTrie.TrieNode,99,0,2,0,26,0,14,0,13,0
Apache ZooKeeper - Server,org.apache.zookeeper.common,FileKeyStoreLoaderBuilderProvider,39,0,5,0,7,0,6,0,2,0
Apache ZooKeeper - Server,org.apache.zookeeper.common,SSLContextAndOptions,307,0,27,0,75,0,30,0,16,0
Apache ZooKeeper - Server,org.apache.zookeeper.common,ZKHostnameVerifier.HostNameType,45,0,0,0,7,0,2,0,2,0
Apache ZooKeeper - Server,org.apache.zookeeper.common,IOUtils,107,0,18,0,30,0,14,0,5,0
Apache ZooKeeper - Server,org.apache.zookeeper.common,FileKeyStoreLoader,15,0,0,0,6,0,1,0,1,0
Apache ZooKeeper - Server,org.apache.zookeeper.common,ZKTrustManager,169,0,8,0,49,0,14,0,10,0
Apache ZooKeeper - Server,org.apache.zookeeper.common,X509Exception.TrustManagerException,8,0,0,0,4,0,2,0,2,0
Apache ZooKeeper - Server,org.apache.zookeeper.common,NetUtils,176,0,16,0,24,0,12,0,4,0
Apache ZooKeeper - Server,org.apache.zookeeper.common,PEMFileLoader,39,0,4,0,8,0,5,0,3,0
Apache ZooKeeper - Server,org.apache.zookeeper.common,FileChangeWatcher.WatcherThread,129,0,10,0,41,0,8,0,3,0
Apache ZooKeeper - Server,org.apache.zookeeper.common,FileKeyStoreLoader.Builder,31,0,0,0,10,0,5,0,5,0
Apache ZooKeeper - Server,org.apache.zookeeper.common,ZKHostnameVerifier.InetAddressUtils,35,0,4,0,7,0,7,0,5,0
Apache ZooKeeper - Server,org.apache.zookeeper.common,PKCS12FileLoader,8,0,0,0,2,0,1,0,1,0
Apache ZooKeeper - Server,org.apache.zookeeper.common,StandardTypeFileKeyStoreLoader,70,0,2,0,14,0,7,0,6,0
Apache ZooKeeper - Server,org.apache.zookeeper.common,PKCS12FileLoader.Builder,16,0,0,0,2,0,2,0,2,0
Apache ZooKeeper - Server,org.apache.zookeeper.common,AtomicFileOutputStream,143,0,14,0,31,0,12,0,5,0
Apache ZooKeeper - Server,org.apache.zookeeper.common,StringUtils,67,0,14,0,11,0,11,0,4,0
Apache ZooKeeper - Server,org.apache.zookeeper.common,ZKHostnameVerifier,486,0,77,0,113,0,52,0,13,0
Apache ZooKeeper - Server,org.apache.zookeeper.cli,VersionCommand,56,0,2,0,14,0,5,0,4,0
Apache ZooKeeper - Server,org.apache.zookeeper.cli,GetConfigCommand,130,0,8,0,29,0,8,0,4,0
Apache ZooKeeper - Server,org.apache.zookeeper.cli,RemoveWatchesCommand,126,0,8,0,33,0,8,0,4,0
Apache ZooKeeper - Server,org.apache.zookeeper.cli,WhoAmICommand,46,0,2,0,13,0,5,0,4,0
Apache ZooKeeper - Server,org.apache.zookeeper.cli,CloseCommand,19,0,0,0,8,0,3,0,3,0
Apache ZooKeeper - Server,org.apache.zookeeper.cli,CreateCommand,295,0,40,0,68,0,24,0,4,0
Apache ZooKeeper - Server,org.apache.zookeeper.cli,DelQuotaCommand,358,0,38,0,77,0,24,0,5,0
Apache ZooKeeper - Server,org.apache.zookeeper.cli,SyncCommand,118,0,4,0,29,0,7,0,5,0
Apache ZooKeeper - Server,org.apache.zookeeper.cli,ReconfigCommand,311,0,34,0,57,0,21,0,4,0
Apache ZooKeeper - Server,org.apache.zookeeper.cli,SetAclCommand,155,0,8,0,38,0,9,0,5,0
Apache ZooKeeper - Server,org.apache.zookeeper.cli,AddWatchCommand,107,0,4,0,27,0,6,0,4,0
Apache ZooKeeper - Server,org.apache.zookeeper.cli,GetAclCommand,121,0,6,0,28,0,7,0,4,0
Apache ZooKeeper - Server,org.apache.zookeeper.cli,MalformedPathException,4,0,0,0,2,0,1,0,1,0
Apache ZooKeeper - Server,org.apache.zookeeper.cli,StatCommand,139,0,6,0,37,0,8,0,5,0
Apache ZooKeeper - Server,org.apache.zookeeper.cli,CommandFactory.Command,270,0,0,0,28,0,3,0,3,0
Apache ZooKeeper - Server,org.apache.zookeeper.cli,CommandFactory,6,0,0,0,2,0,2,0,2,0
Apache ZooKeeper - Server,org.apache.zookeeper.cli,ListQuotaCommand,188,0,6,0,38,0,8,0,5,0
Apache ZooKeeper - Server,org.apache.zookeeper.cli,CommandNotFoundException,12,0,0,0,2,0,1,0,1,0
Apache ZooKeeper - Server,org.apache.zookeeper.cli,GetEphemeralsCommand,72,0,2,0,21,0,5,0,4,0
Apache ZooKeeper - Server,org.apache.zookeeper.cli,GetCommand,160,0,8,0,40,0,9,0,5,0
Apache ZooKeeper - Server,org.apache.zookeeper.cli,DeleteAllCommand,111,0,6,0,30,0,8,0,5,0
Apache ZooKeeper - Server,org.apache.zookeeper.cli,DeleteCommand,126,0,6,0,35,0,8,0,5,0
Apache ZooKeeper - Server,org.apache.zookeeper.cli,SetQuotaCommand,794,0,84,0,172,0,52,0,10,0
Apache ZooKeeper - Server,org.apache.zookeeper.cli,MalformedCommandException,4,0,0,0,2,0,1,0,1,0
Apache ZooKeeper - Server,org.apache.zookeeper.cli,GetAllChildrenNumberCommand,73,0,2,0,21,0,5,0,4,0
Apache ZooKeeper - Server,org.apache.zookeeper.cli,AclParser,141,0,16,0,29,0,13,0,3,0
Apache ZooKeeper - Server,org.apache.zookeeper.cli,SetCommand,118,0,6,0,29,0,7,0,4,0
Apache ZooKeeper - Server,org.apache.zookeeper.cli,CliCommand,53,0,0,0,17,0,8,0,8,0
Apache ZooKeeper - Server,org.apache.zookeeper.cli,CliException,41,0,0,0,16,0,7,0,7,0
Apache ZooKeeper - Server,org.apache.zookeeper.cli,LsCommand,244,0,16,0,61,0,16,0,8,0
Apache ZooKeeper - Server,org.apache.zookeeper.cli,StatPrinter,151,0,0,0,15,0,2,0,2,0
Apache ZooKeeper - Server,org.apache.zookeeper.cli,CliParseException,8,0,0,0,4,0,2,0,2,0
Apache ZooKeeper - Server,org.apache.zookeeper.cli,CliWrapperException,155,0,26,0,29,0,15,0,2,0
Apache ZooKeeper - Server,org.apache.zookeeper.cli,AddAuthCommand,67,0,4,0,17,0,6,0,4,0
Apache ZooKeeper - Server,org.apache.zookeeper.server.quorum.flexible,QuorumOracleMaj,356,0,56,0,81,0,43,0,15,0
Apache ZooKeeper - Server,org.apache.zookeeper.server.quorum.flexible,QuorumMaj,333,0,32,0,68,0,29,0,13,0
Apache ZooKeeper - Server,org.apache.zookeeper.server.quorum.flexible,QuorumVerifier,14,0,0,0,7,0,7,0,7,0
Apache ZooKeeper - Server,org.apache.zookeeper.server.quorum.flexible,QuorumHierarchical,1062,0,92,0,187,0,62,0,16,0
Apache ZooKeeper - Server,org.apache.zookeeper.server.metric,AvgMinMaxPercentileCounter,107,25,0,0,17,6,5,1,5,1
Apache ZooKeeper - Server,org.apache.zookeeper.server.metric,AvgMinMaxPercentileCounterSet,107,11,8,0,22,4,10,1,6,1
Apache ZooKeeper - Server,org.apache.zookeeper.server.metric,Metric,4,3,0,0,4,1,4,1,4,1
Apache ZooKeeper - Server,org.apache.zookeeper.server.metric,AvgMinMaxPercentileCounter.ResettableUniformReservoir,115,14,10,0,23,3,10,1,5,1
Apache ZooKeeper - Server,org.apache.zookeeper.server.metric,SimpleCounter,29,11,0,0,8,4,4,1,4,1
Apache ZooKeeper - Server,org.apache.zookeeper.server.metric,SimpleCounterSet,50,11,0,0,8,4,5,1,5,1
Apache ZooKeeper - Server,org.apache.zookeeper.server.metric,AvgMinMaxCounter,169,78,8,6,27,18,13,7,8,5
Apache ZooKeeper - Server,org.apache.zookeeper.server.metric,AvgMinMaxCounterSet,95,11,6,0,18,4,10,1,7,1
Apache ZooKeeper - Server,org.apache.zookeeper.admin,ZooKeeperAdmin,144,0,4,0,35,0,12,0,10,0
Apache ZooKeeper - Server,org.apache.zookeeper.server.quorum,Leader.Proposal,23,0,0,0,2,0,2,0,2,0
Apache ZooKeeper - Server,org.apache.zookeeper.server.quorum,LeaderBean,122,0,6,0,28,0,17,0,14,0
Apache ZooKeeper - Server,org.apache.zookeeper.server.quorum,QuorumPeerConfig,1894,0,270,0,437,0,198,0,63,0
Apache ZooKeeper - Server,org.apache.zookeeper.server.quorum,QuorumCnxManager,1250,0,86,0,291,0,76,0,33,0
Apache ZooKeeper - Server,org.apache.zookeeper.server.quorum,Leader.LearnerCnxAcceptor,115,0,6,0,28,0,7,0,4,0
Apache ZooKeeper - Server,org.apache.zookeeper.server.quorum,BufferStats,76,0,6,0,18,0,10,0,7,0
Apache ZooKeeper - Server,org.apache.zookeeper.server.quorum,ObserverMaster,950,0,80,0,221,0,81,0,41,0
Apache ZooKeeper - Server,org.apache.zookeeper.server.quorum,FastLeaderElection.Messenger.WorkerSender,61,0,4,0,18,0,5,0,3,0
Apache ZooKeeper - Server,org.apache.zookeeper.server.quorum,LearnerSyncThrottler.SyncType,24,0,0,0,3,0,1,0,1,0
Apache ZooKeeper - Server,org.apache.zookeeper.server.quorum,MultipleAddresses,260,0,16,0,64,0,34,0,26,0
Apache ZooKeeper - Server,org.apache.zookeeper.server.quorum,QuorumCnxManager.RecvWorker,180,0,12,0,38,0,9,0,3,0
Apache ZooKeeper - Server,org.apache.zookeeper.server.quorum,UnifiedServerSocket.UnifiedInputStream,76,0,2,0,24,0,12,0,11,0
Apache ZooKeeper - Server,org.apache.zookeeper.server.quorum,LeaderSessionTracker,262,0,38,0,78,0,37,0,18,0
Apache ZooKeeper - Server,org.apache.zookeeper.server.quorum,CommitProcessor,878,0,128,0,225,0,88,0,23,0
Apache ZooKeeper - Server,org.apache.zookeeper.server.quorum,Learner,1668,0,138,0,387,0,98,0,27,0
Apache ZooKeeper - Server,org.apache.zookeeper.server.quorum,LearnerMaster,89,0,0,0,23,0,8,0,8,0
Apache ZooKeeper - Server,org.apache.zookeeper.server.quorum,FastLeaderElection,1340,0,111,0,268,0,82,0,25,0
Apache ZooKeeper - Server,org.apache.zookeeper.server.quorum,QuorumPeer.LearnerType,24,0,0,0,3,0,1,0,1,0
Apache ZooKeeper - Server,org.apache.zookeeper.server.quorum,LearnerHandler.SyncLimitCheck,114,0,12,0,32,0,11,0,5,0
Apache ZooKeeper - Server,org.apache.zookeeper.server.quorum,AckRequestProcessor,34,0,2,0,11,0,5,0,4,0
Apache ZooKeeper - Server,org.apache.zookeeper.server.quorum,PrependableSocket,40,0,6,0,13,0,6,0,3,0
Apache ZooKeeper - Server,org.apache.zookeeper.server.quorum,SyncedLearnerTracker,129,0,14,0,26,0,13,0,6,0
Apache ZooKeeper - Server,org.apache.zookeeper.server.quorum,Observer,510,0,35,0,137,0,36,0,15,0
Apache ZooKeeper - Server,org.apache.zookeeper.server.quorum,ReadOnlyZooKeeperServer,343,0,17,0,100,0,25,0,16,0
Apache ZooKeeper - Server,org.apache.zookeeper.server.quorum,QuorumCnxManager.Message,9,0,0,0,4,0,1,0,1,0
Apache ZooKeeper - Server,org.apache.zookeeper.server.quorum,Follower,554,0,50,0,133,0,38,0,10,0
Apache ZooKeeper - Server,org.apache.zookeeper.server.quorum,QuorumPeer.AddressTuple,12,0,0,0,5,0,1,0,1,0
Apache ZooKeeper - Server,org.apache.zookeeper.server.quorum,QuorumPeer.SyncMode,44,0,0,0,5,0,1,0,1,0
Apache ZooKeeper - Server,org.apache.zookeeper.server.quorum,LearnerHandler.MarkerQuorumPacket,43,0,8,0,10,0,7,0,3,0
Apache ZooKeeper - Server,org.apache.zookeeper.server.quorum,QuorumPeer.ResponderThread,145,0,8,0,41,0,7,0,2,0
Apache ZooKeeper - Server,org.apache.zookeeper.server.quorum,QuorumStats,95,0,10,0,20,0,9,0,4,0
Apache ZooKeeper - Server,org.apache.zookeeper.server.quorum,LeaderZooKeeperServer,448,0,16,0,121,0,37,0,29,0
Apache ZooKeeper - Server,org.apache.zookeeper.server.quorum,LeaderElectionBean,16,0,0,0,5,0,4,0,4,0
Apache ZooKeeper - Server,org.apache.zookeeper.server.quorum,ProposalRequestProcessor,109,0,10,0,33,0,11,0,6,0
Apache ZooKeeper - Server,org.apache.zookeeper.server.quorum,LocalPeerBean,141,0,2,0,31,0,24,0,23,0
Apache ZooKeeper - Server,org.apache.zookeeper.server.quorum,StateSummary,68,0,12,0,12,0,12,0,6,0
Apache ZooKeeper - Server,org.apache.zookeeper.server.quorum,ObserverZooKeeperServer,150,0,12,0,38,0,16,0,10,0
Apache ZooKeeper - Server,org.apache.zookeeper.server.quorum,QuorumPeer.ZabState,44,0,0,0,5,0,1,0,1,0
Apache ZooKeeper - Server,org.apache.zookeeper.server.quorum,QuorumPeerConfig.new AtomicFileWritingIdiom.OutputStreamStatement() {...},32,0,2,0,6,0,3,0,2,0
Apache ZooKeeper - Server,org.apache.zookeeper.server.quorum,QuorumPeerConfig.new AtomicFileWritingIdiom.WriterStatement() {...},71,0,6,0,14,0,5,0,2,0
Apache ZooKeeper - Server,org.apache.zookeeper.server.quorum,QuorumPeerConfig.new AtomicFileWritingIdiom.WriterStatement() {...},89,0,18,0,17,0,11,0,2,0
Apache ZooKeeper - Server,org.apache.zookeeper.server.quorum,QuorumBean,62,0,0,0,21,0,14,0,14,0
Apache ZooKeeper - Server,org.apache.zookeeper.server.quorum,FastLeaderElection.ToSend,27,0,0,0,10,0,1,0,1,0
Apache ZooKeeper - Server,org.apache.zookeeper.server.quorum,FollowerZooKeeperServer,280,0,12,0,61,0,20,0,14,0
Apache ZooKeeper - Server,org.apache.zookeeper.server.quorum,LearnerZooKeeperServer,189,0,14,0,65,0,17,0,10,0
Apache ZooKeeper - Server,org.apache.zookeeper.server.quorum,QuorumPeer.QuorumServer,886,0,105,0,167,0,75,0,22,0
Apache ZooKeeper - Server,org.apache.zookeeper.server.quorum,LearnerSyncThrottler,122,0,8,0,30,0,10,0,6,0
Apache ZooKeeper - Server,org.apache.zookeeper.server.quorum,ObserverMaster.Revalidation,77,0,12,0,15,0,9,0,3,0
Apache ZooKeeper - Server,org.apache.zookeeper.server.quorum,FollowerBean,91,0,10,0,23,0,17,0,12,0
Apache ZooKeeper - Server,org.apache.zookeeper.server.quorum,Learner.LeaderConnector,251,0,20,0,49,0,13,0,3,0
Apache ZooKeeper - Server,org.apache.zookeeper.server.quorum,LearnerHandlerBean,90,0,2,0,17,0,7,0,6,0
Apache ZooKeeper - Server,org.apache.zookeeper.server.quorum,LearnerSyncRequest,12,0,0,0,3,0,1,0,1,0
Apache ZooKeeper - Server,org.apache.zookeeper.server.quorum,QuorumCnxManager.SendWorker,354,0,26,0,91,0,21,0,8,0
Apache ZooKeeper - Server,org.apache.zookeeper.server.quorum,Leader.ToBeAppliedRequestProcessor,81,0,10,0,22,0,8,0,3,0
Apache ZooKeeper - Server,org.apache.zookeeper.server.quorum,LearnerHandler,2033,0,179,0,515,0,133,0,34,0
Apache ZooKeeper - Server,org.apache.zookeeper.server.quorum,QuorumPeer,3521,0,340,0,911,0,341,0,167,0
Apache ZooKeeper - Server,org.apache.zookeeper.server.quorum,SyncThrottleException,28,0,0,0,6,0,2,0,2,0
Apache ZooKeeper - Server,org.apache.zookeeper.server.quorum,LearnerSender,111,0,6,0,31,0,8,0,5,0
Apache ZooKeeper - Server,org.apache.zookeeper.server.quorum,QuorumPeer.new AtomicFileWritingIdiom.WriterStatement() {...},15,0,0,0,3,0,2,0,2,0
Apache ZooKeeper - Server,org.apache.zookeeper.server.quorum,QuorumPeer.new Thread() {...},37,0,2,0,10,0,3,0,2,0
Apache ZooKeeper - Server,org.apache.zookeeper.server.quorum,Leader.LearnerCnxAcceptor.LearnerCnxAcceptorHandler,149,0,12,0,39,0,9,0,3,0
Apache ZooKeeper - Server,org.apache.zookeeper.server.quorum,SendAckRequestProcessor,83,0,6,0,28,0,8,0,5,0
Apache ZooKeeper - Server,org.apache.zookeeper.server.quorum,UpgradeableSessionTracker,153,0,24,0,34,0,26,0,14,0
Apache ZooKeeper - Server,org.apache.zookeeper.server.quorum,UnifiedServerSocket.UnifiedSocket.Mode,34,0,0,0,4,0,1,0,1,0
Apache ZooKeeper - Server,org.apache.zookeeper.server.quorum,ReadOnlyRequestProcessor,144,0,17,0,46,0,15,0,6,0
Apache ZooKeeper - Server,org.apache.zookeeper.server.quorum,FastLeaderElection.Messenger.WorkerReceiver,693,0,47,0,148,0,27,0,2,0
Apache ZooKeeper - Server,org.apache.zookeeper.server.quorum,QuorumCnxManager.QuorumConnectionReqThread,35,0,0,0,8,0,2,0,2,0
Apache ZooKeeper - Server,org.apache.zookeeper.server.quorum,ObserverRequestProcessor,193,0,22,0,57,0,17,0,5,0
Apache ZooKeeper - Server,org.apache.zookeeper.server.quorum,UnifiedServerSocket,80,0,4,0,24,0,8,0,6,0
Apache ZooKeeper - Server,org.apache.zookeeper.server.quorum,ObserverMaster.new Runnable() {...},22,0,2,0,5,0,3,0,2,0
Apache ZooKeeper - Server,org.apache.zookeeper.server.quorum,SyncedLearnerTracker.QuorumVerifierAcksetPair,15,0,0,0,6,0,3,0,3,0
Apache ZooKeeper - Server,org.apache.zookeeper.server.quorum,UnifiedServerSocket.UnifiedOutputStream,46,0,2,0,17,0,8,0,7,0
Apache ZooKeeper - Server,org.apache.zookeeper.server.quorum,LeaderRequestProcessor,77,0,6,0,26,0,7,0,4,0
Apache ZooKeeper - Server,org.apache.zookeeper.server.quorum,QuorumCnxManager.InitialMessage,223,0,16,0,36,0,12,0,4,0
Apache ZooKeeper - Server,org.apache.zookeeper.server.quorum,Leader,2828,0,292,0,626,0,224,0,69,0
Apache ZooKeeper - Server,org.apache.zookeeper.server.quorum,FastLeaderElection.Messenger,88,0,0,0,16,0,3,0,3,0
Apache ZooKeeper - Server,org.apache.zookeeper.server.quorum,RemotePeerBean,74,0,2,0,17,0,10,0,9,0
Apache ZooKeeper - Server,org.apache.zookeeper.server.quorum,QuorumPeerMain,465,0,22,0,128,0,19,0,8,0
Apache ZooKeeper - Server,org.apache.zookeeper.server.quorum,ServerBean,14,0,0,0,4,0,3,0,3,0
Apache ZooKeeper - Server,org.apache.zookeeper.server.quorum,QuorumPeerConfig.ConfigException,9,0,0,0,4,0,2,0,2,0
Apache ZooKeeper - Server,org.apache.zookeeper.server.quorum,LearnerSessionTracker,300,0,38,0,79,0,36,0,17,0
Apache ZooKeeper - Server,org.apache.zookeeper.server.quorum,QuorumCnxManager.Listener.ListenerHandler,267,0,24,0,68,0,17,0,5,0
Apache ZooKeeper - Server,org.apache.zookeeper.server.quorum,FastLeaderElection.Notification,3,0,0,0,1,0,1,0,1,0
Apache ZooKeeper - Server,org.apache.zookeeper.server.quorum,ReadOnlyBean,6,0,0,0,3,0,2,0,2,0
Apache ZooKeeper - Server,org.apache.zookeeper.server.quorum,UnifiedServerSocket.UnifiedSocket,423,0,26,0,116,0,62,0,49,0
Apache ZooKeeper - Server,org.apache.zookeeper.server.quorum,LearnerHandler.new Thread() {...},29,0,0,0,7,0,2,0,2,0
Apache ZooKeeper - Server,org.apache.zookeeper.server.quorum,QuorumCnxManager.QuorumConnectionReceiverThread,24,0,0,0,6,0,2,0,2,0
Apache ZooKeeper - Server,org.apache.zookeeper.server.quorum,LocalSessionTracker,29,0,0,0,8,0,5,0,5,0
Apache ZooKeeper - Server,org.apache.zookeeper.server.quorum,Vote,238,0,26,0,56,0,27,0,14,0
Apache ZooKeeper - Server,org.apache.zookeeper.server.quorum,QuorumCnxManager.Listener,232,0,18,0,54,0,15,0,6,0
Apache ZooKeeper - Server,org.apache.zookeeper.server.quorum,Leader.XidRolloverException,4,0,0,0,2,0,1,0,1,0
Apache ZooKeeper - Server,org.apache.zookeeper.server.quorum,FollowerRequestProcessor,226,0,28,0,67,0,22,0,7,0
Apache ZooKeeper - Server,org.apache.zookeeper.server.quorum,QuorumPeer.ServerState,44,0,0,0,5,0,1,0,1,0
Apache ZooKeeper - Server,org.apache.zookeeper.server.quorum,FastLeaderElection.ToSend.mType,44,0,0,0,5,0,1,0,1,0
Apache ZooKeeper - Server,org.apache.zookeeper.server.quorum,Learner.PacketInFlight,3,0,0,0,1,0,1,0,1,0
Apache ZooKeeper - Server,org.apache.zookeeper.server.quorum,CommitProcessor.CommitWorkRequest,64,0,6,0,18,0,6,0,3,0
Apache ZooKeeper - Server,org.apache.zookeeper.server.quorum,QuorumCnxManager.InitialMessage.InitialMessageException,6,0,0,0,2,0,1,0,1,0
Apache ZooKeeper - Server,org.apache.zookeeper.server.quorum,QuorumZooKeeperServer,354,0,37,0,94,0,31,0,12,0
Apache ZooKeeper - Server,org.apache.zookeeper.server.command,AbstractFourLetterCommand,48,0,4,0,17,0,9,0,7,0
Apache ZooKeeper - Server,org.apache.zookeeper.server.command,IsroCommand,27,0,4,0,8,0,4,0,2,0
Apache ZooKeeper - Server,org.apache.zookeeper.server.command,MonitorCommand,89,0,10,0,21,0,9,0,4,0
Apache ZooKeeper - Server,org.apache.zookeeper.server.command,NopCommand,14,0,0,0,5,0,2,0,2,0
Apache ZooKeeper - Server,org.apache.zookeeper.server.command,DumpCommand,47,0,4,0,12,0,4,0,2,0
Apache ZooKeeper - Server,org.apache.zookeeper.server.command,CommandExecutor,177,0,36,0,38,0,21,0,3,0
Apache ZooKeeper - Server,org.apache.zookeeper.server.command,ConfCommand,19,0,2,0,6,0,3,0,2,0
Apache ZooKeeper - Server,org.apache.zookeeper.server.command,TraceMaskCommand,12,0,0,0,5,0,2,0,2,0
Apache ZooKeeper - Server,org.apache.zookeeper.server.command,StatCommand,117,0,10,0,27,0,8,0,3,0
Apache ZooKeeper - Server,org.apache.zookeeper.server.command,WatchCommand,52,0,6,0,14,0,5,0,2,0
Apache ZooKeeper - Server,org.apache.zookeeper.server.command,DigestCommand,47,0,4,0,9,0,4,0,2,0
Apache ZooKeeper - Server,org.apache.zookeeper.server.command,CnxnStatResetCommand,21,0,2,0,7,0,3,0,2,0
Apache ZooKeeper - Server,org.apache.zookeeper.server.command,RuokCommand,10,0,0,0,4,0,2,0,2,0
Apache ZooKeeper - Server,org.apache.zookeeper.server.command,DirsCommand,40,0,2,0,8,0,3,0,2,0
Apache ZooKeeper - Server,org.apache.zookeeper.server.command,EnvCommand,37,0,2,0,10,0,3,0,2,0
Apache ZooKeeper - Server,org.apache.zookeeper.server.command,ConsCommand,38,0,4,0,10,0,4,0,2,0
Apache ZooKeeper - Server,org.apache.zookeeper.server.command,FourLetterCommands,341,0,14,0,68,0,13,0,6,0
Apache ZooKeeper - Server,org.apache.zookeeper.server.command,SetTraceMaskCommand,17,0,0,0,6,0,2,0,2,0
Apache ZooKeeper - Server,org.apache.zookeeper.server.command,StatResetCommand,35,0,4,0,10,0,4,0,2,0
Apache ZooKeeper - Server,org.apache.zookeeper.metrics.impl,DefaultMetricsProvider,20,12,0,0,9,3,5,2,5,2
Apache ZooKeeper - Server,org.apache.zookeeper.metrics.impl,NullMetricsProvider.NullCounterSet,1,5,0,0,1,1,1,1,1,1
Apache ZooKeeper - Server,org.apache.zookeeper.metrics.impl,NullMetricsProvider,5,10,0,0,5,3,5,3,5,3
Apache ZooKeeper - Server,org.apache.zookeeper.metrics.impl,NullMetricsProvider.NullSummarySet,1,5,0,0,1,1,1,1,1,1
Apache ZooKeeper - Server,org.apache.zookeeper.metrics.impl,NullMetricsProvider.NullCounter,3,5,0,0,2,1,2,1,2,1
Apache ZooKeeper - Server,org.apache.zookeeper.metrics.impl,NullMetricsProvider.NullMetricsContext,6,16,0,0,5,6,5,6,5,6
Apache ZooKeeper - Server,org.apache.zookeeper.metrics.impl,DefaultMetricsProvider.DefaultMetricsContext,270,148,10,8,65,27,29,12,22,10
Apache ZooKeeper - Server,org.apache.zookeeper.metrics.impl,NullMetricsProvider.NullSummary,1,5,0,0,1,1,1,1,1,1
Apache ZooKeeper - Server,org.apache.zookeeper.metrics.impl,MetricsProviderBootstrap,56,0,0,0,14,0,3,0,3,0
Apache ZooKeeper - Server,org.apache.zookeeper.client,FourLetterWordMain,191,0,14,0,42,0,13,0,6,0
Apache ZooKeeper - Server,org.apache.zookeeper.client,StaticHostProvider,649,0,70,0,129,0,49,0,14,0
Apache ZooKeeper - Server,org.apache.zookeeper.client,ConnectStringParser,114,0,14,0,30,0,10,0,3,0
Apache ZooKeeper - Server,org.apache.zookeeper.client,ZooKeeperSaslClient,635,0,72,0,160,0,54,0,18,0
Apache ZooKeeper - Server,org.apache.zookeeper.client,ZKClientConfig,86,0,2,0,25,0,8,0,7,0
Apache ZooKeeper - Server,org.apache.zookeeper.client,ZooKeeperSaslClient.new PrivilegedExceptionAction() {...},23,0,0,0,3,0,2,0,2,0
Apache ZooKeeper - Server,org.apache.zookeeper.client,StaticHostProvider.new StaticHostProvider.Resolver() {...},9,0,0,0,2,0,2,0,2,0
Apache ZooKeeper - Server,org.apache.zookeeper.client,ZooKeeperSaslClient.ServerSaslResponseCallback,39,0,4,0,12,0,4,0,2,0
Apache ZooKeeper - Server,org.apache.zookeeper.client,ZooKeeperSaslClient.SaslState,44,0,0,0,5,0,1,0,1,0
Apache ZooKeeper - Server,org.apache.zookeeper.client,StaticHostProvider.new StaticHostProvider.Resolver() {...},9,0,0,0,2,0,2,0,2,0
Apache ZooKeeper - Server,org.apache.zookeeper.server.util,BitHashSet,152,0,16,0,36,0,18,0,10,0
Apache ZooKeeper - Server,org.apache.zookeeper.server.util,MessageTracker.BufferedMessage,67,0,2,0,14,0,5,0,4,0
Apache ZooKeeper - Server,org.apache.zookeeper.server.util,JvmPauseMonitor,243,0,12,0,53,0,17,0,11,0
Apache ZooKeeper - Server,org.apache.zookeeper.server.util,VerifyingFileFactory,109,0,16,0,23,0,14,0,6,0
Apache ZooKeeper - Server,org.apache.zookeeper.server.util,RequestPathMetricsCollector,632,0,26,0,116,0,41,0,28,0
Apache ZooKeeper - Server,org.apache.zookeeper.server.util,AuthUtil,74,0,12,0,15,0,11,0,5,0
Apache ZooKeeper - Server,org.apache.zookeeper.server.util,RequestPathMetricsCollector.PathStatsQueue,240,0,14,0,46,0,19,0,12,0
Apache ZooKeeper - Server,org.apache.zookeeper.server.util,VerifyingFileFactory.Builder,27,0,0,0,10,0,4,0,4,0
Apache ZooKeeper - Server,org.apache.zookeeper.server.util,AdHash,48,0,4,0,11,0,10,0,8,0
Apache ZooKeeper - Server,org.apache.zookeeper.server.util,BitMap,227,0,10,0,48,0,12,0,7,0
Apache ZooKeeper - Server,org.apache.zookeeper.server.util,KerberosUtil,10,0,0,0,2,0,2,0,2,0
Apache ZooKeeper - Server,org.apache.zookeeper.server.util,OSMXBean,217,0,24,0,51,0,18,0,6,0
Apache ZooKeeper - Server,org.apache.zookeeper.server.util,MessageTracker.Direction,24,0,0,0,2,0,1,0,1,0
Apache ZooKeeper - Server,org.apache.zookeeper.server.util,QuotaMetricsUtils.QUOTA_LIMIT_USAGE_METRIC_TYPE,44,0,0,0,1,0,1,0,1,0
Apache ZooKeeper - Server,org.apache.zookeeper.server.util,SerializeUtils,225,64,28,3,62,21,24,2,4,2
Apache ZooKeeper - Server,org.apache.zookeeper.server.util,JvmPauseMonitor.JVMMonitor,119,0,8,0,24,0,6,0,2,0
Apache ZooKeeper - Server,org.apache.zookeeper.server.util,JvmPauseMonitor.GcTimes,51,0,0,0,10,0,4,0,4,0
Apache ZooKeeper - Server,org.apache.zookeeper.server.util,QuotaMetricsUtils,195,0,33,0,43,0,28,0,10,0
Apache ZooKeeper - Server,org.apache.zookeeper.server.util,MessageTracker,173,0,20,0,36,0,22,0,12,0
Apache ZooKeeper - Server,org.apache.zookeeper.server.util,ConfigUtils,226,0,22,0,51,0,15,0,4,0
Apache ZooKeeper - Server,org.apache.zookeeper.server.util,ZxidUtils,22,0,0,0,5,0,5,0,5,0
Apache ZooKeeper - Server,org.apache.zookeeper.server.util,BitHashSet.new Iterator() {...},49,0,2,0,9,0,5,0,4,0
Apache ZooKeeper - Server,org.apache.zookeeper.server.util,LogChopper,343,0,28,0,74,0,17,0,3,0
Apache ZooKeeper - Server,org.apache.zookeeper.server.util,CircularBuffer,144,0,12,0,30,0,14,0,8,0
Apache ZooKeeper - Server,org.apache.zookeeper.server.admin,Commands.ConfCommand,28,0,0,0,5,0,2,0,2,0
Apache ZooKeeper - Server,org.apache.zookeeper.server.admin,Commands.VotingViewCommand.QuorumServerView,61,0,6,0,14,0,6,0,3,0
Apache ZooKeeper - Server,org.apache.zookeeper.server.admin,Commands.WatchSummaryCommand,28,0,0,0,6,0,2,0,2,0
Apache ZooKeeper - Server,org.apache.zookeeper.server.admin,Commands.EnvCommand,42,0,2,0,7,0,3,0,2,0
Apache ZooKeeper - Server,org.apache.zookeeper.server.admin,Commands.DigestCommand,23,0,0,0,5,0,2,0,2,0
Apache ZooKeeper - Server,org.apache.zookeeper.server.admin,JsonOutputter,65,0,0,0,20,0,4,0,4,0
Apache ZooKeeper - Server,org.apache.zookeeper.server.admin,Commands.WatchesByPathCommand,30,0,0,0,6,0,2,0,2,0
Apache ZooKeeper - Server,org.apache.zookeeper.server.admin,Commands,192,0,12,0,45,0,11,0,5,0
Apache ZooKeeper - Server,org.apache.zookeeper.server.admin,ReadAheadEndpoint,275,0,28,0,81,0,42,0,28,0
Apache ZooKeeper - Server,org.apache.zookeeper.server.admin,Commands.ZabStateCommand,144,0,8,0,26,0,6,0,2,0
Apache ZooKeeper - Server,org.apache.zookeeper.server.admin,Commands.StatResetCommand,22,0,0,0,5,0,2,0,2,0
Apache ZooKeeper - Server,org.apache.zookeeper.server.admin,Commands.ConsCommand,55,0,4,0,12,0,4,0,2,0
Apache ZooKeeper - Server,org.apache.zookeeper.server.admin,Commands.RuokCommand,13,0,0,0,3,0,2,0,2,0
Apache ZooKeeper - Server,org.apache.zookeeper.server.admin,CommandResponse,60,0,0,0,17,0,7,0,7,0
Apache ZooKeeper - Server,org.apache.zookeeper.server.admin,AdminServer.AdminServerException,9,0,0,0,4,0,2,0,2,0
Apache ZooKeeper - Server,org.apache.zookeeper.server.admin,Commands.DirsCommand,29,0,0,0,6,0,2,0,2,0
Apache ZooKeeper - Server,org.apache.zookeeper.server.admin,Commands.LastSnapshotCommand,45,0,4,0,7,0,4,0,2,0
Apache ZooKeeper - Server,org.apache.zookeeper.server.admin,Commands.GetTraceMaskCommand,26,0,0,0,5,0,2,0,2,0
Apache ZooKeeper - Server,org.apache.zookeeper.server.admin,Commands.StatCommand,53,0,4,0,12,0,4,0,2,0
Apache ZooKeeper - Server,org.apache.zookeeper.server.admin,Commands.SrvrCommand,72,0,2,0,15,0,4,0,3,0
Apache ZooKeeper - Server,org.apache.zookeeper.server.admin,UnifiedConnectionFactory,190,0,14,0,43,0,14,0,7,0
Apache ZooKeeper - Server,org.apache.zookeeper.server.admin,Commands.DumpCommand,27,0,0,0,6,0,2,0,2,0
Apache ZooKeeper - Server,org.apache.zookeeper.server.admin,JettyAdminServer,423,0,6,0,89,0,12,0,9,0
Apache ZooKeeper - Server,org.apache.zookeeper.server.admin,Commands.WatchCommand,30,0,0,0,6,0,2,0,2,0
Apache ZooKeeper - Server,org.apache.zookeeper.server.admin,Commands.VotingViewCommand,50,0,2,0,11,0,4,0,3,0
Apache ZooKeeper - Server,org.apache.zookeeper.server.admin,Commands.SyncedObserverConsCommand,78,0,6,0,18,0,5,0,2,0
Apache ZooKeeper - Server,org.apache.zookeeper.server.admin,Commands.SetTraceMaskCommand,64,0,2,0,14,0,3,0,2,0
Apache ZooKeeper - Server,org.apache.zookeeper.server.admin,Commands.SystemPropertiesCommand,41,0,0,0,8,0,3,0,3,0
Apache ZooKeeper - Server,org.apache.zookeeper.server.admin,Commands.CnxnStatResetCommand,22,0,0,0,5,0,2,0,2,0
Apache ZooKeeper - Server,org.apache.zookeeper.server.admin,CommandBase,51,0,0,0,15,0,8,0,8,0
Apache ZooKeeper - Server,org.apache.zookeeper.server.admin,Commands.ObserverCnxnStatResetCommand,38,0,4,0,10,0,4,0,2,0
Apache ZooKeeper - Server,org.apache.zookeeper.server.admin,Commands.LeaderCommand,58,0,4,0,12,0,4,0,2,0
Apache ZooKeeper - Server,org.apache.zookeeper.server.admin,AdminServerFactory,65,0,2,0,20,0,4,0,3,0
Apache ZooKeeper - Server,org.apache.zookeeper.server.admin,Commands.MonitorCommand,35,0,0,0,6,0,2,0,2,0
Apache ZooKeeper - Server,org.apache.zookeeper.server.admin,Commands.InitialConfigurationCommand,25,0,0,0,5,0,2,0,2,0
Apache ZooKeeper - Server,org.apache.zookeeper.server.admin,Commands.IsroCommand,26,0,0,0,5,0,2,0,2,0
Apache ZooKeeper - Server,org.apache.zookeeper.server.admin,DummyAdminServer,6,0,0,0,4,0,4,0,4,0
Apache ZooKeeper - Server,org.apache.zookeeper.server.admin,JettyAdminServer.CommandServlet,95,0,8,0,20,0,6,0,2,0
Apache ZooKeeper - Server,org.apache.zookeeper.server.controller,CommandListener.CommandHandler,57,0,0,0,18,0,2,0,2,0
Apache ZooKeeper - Server,org.apache.zookeeper.server.controller,CommandListener,66,0,2,0,21,0,4,0,3,0
Apache ZooKeeper - Server,org.apache.zookeeper.server.controller,ControllableConnection,79,0,4,0,21,0,6,0,4,0
Apache ZooKeeper - Server,org.apache.zookeeper.server.controller,ControllerServerConfig,199,0,14,0,51,0,16,0,9,0
Apache ZooKeeper - Server,org.apache.zookeeper.server.controller,CommandClient,163,0,6,0,43,0,11,0,8,0
Apache ZooKeeper - Server,org.apache.zookeeper.server.controller,ControllableConnectionFactory,120,0,12,0,39,0,18,0,12,0
Apache ZooKeeper - Server,org.apache.zookeeper.server.controller,ZooKeeperServerController,285,0,47,0,73,0,38,0,10,0
Apache ZooKeeper - Server,org.apache.zookeeper.server.controller,ControlCommand.Action,104,0,0,0,11,0,1,0,1,0
Apache ZooKeeper - Server,org.apache.zookeeper.server.controller,ControlCommand,97,0,10,0,21,0,11,0,6,0
Apache ZooKeeper - Server,org.apache.zookeeper.server.controller,ControllerService,183,0,14,0,62,0,21,0,14,0
Apache ZooKeeper - Server,org.apache.zookeeper,KeeperException.QuotaExceededException,9,0,0,0,4,0,2,0,2,0
Apache ZooKeeper - Server,org.apache.zookeeper,KeeperException.AuthFailedException,4,0,0,0,2,0,1,0,1,0
Apache ZooKeeper - Server,org.apache.zookeeper,ZooKeeper,2887,7,179,0,683,3,193,1,102,1
Apache ZooKeeper - Server,org.apache.zookeeper,Login.new Runnable() {...},292,0,28,0,80,0,16,0,2,0
Apache ZooKeeper - Server,org.apache.zookeeper,Shell.ExitCodeException,10,0,0,0,4,0,2,0,2,0
Apache ZooKeeper - Server,org.apache.zookeeper,KeeperException.NodeExistsException,9,0,0,0,4,0,2,0,2,0
Apache ZooKeeper - Server,org.apache.zookeeper,ClientCnxnSocketNetty.new ChannelFutureListener() {...},119,0,8,0,31,0,6,0,2,0
Apache ZooKeeper - Server,org.apache.zookeeper,KeeperException.SessionExpiredException,4,0,0,0,2,0,1,0,1,0
Apache ZooKeeper - Server,org.apache.zookeeper,KeeperException.Code,6,390,0,2,1,42,1,4,1,3
Apache ZooKeeper - Server,org.apache.zookeeper,ClientCnxn.SendThread,1620,0,162,0,356,0,101,0,19,0
Apache ZooKeeper - Server,org.apache.zookeeper,KeeperException.ConnectionLossException,4,0,0,0,2,0,1,0,1,0
Apache ZooKeeper - Server,org.apache.zookeeper,ZooKeeper.WatchRegistration,56,0,6,0,15,0,6,0,3,0
Apache ZooKeeper - Server,org.apache.zookeeper,SaslClientCallbackHandler,157,0,16,0,33,0,11,0,3,0
Apache ZooKeeper - Server,org.apache.zookeeper,KeeperException.SystemErrorException,4,0,0,0,2,0,1,0,1,0
Apache ZooKeeper - Server,org.apache.zookeeper,Login,428,0,40,0,105,0,37,0,17,0
Apache ZooKeeper - Server,org.apache.zookeeper,WatchedEvent,70,0,0,0,15,0,7,0,7,0
Apache ZooKeeper - Server,org.apache.zookeeper,KeeperException.NoNodeException,9,0,0,0,4,0,2,0,2,0
Apache ZooKeeper - Server,org.apache.zookeeper,OpResult.GetChildrenResult,48,0,8,0,11,0,8,0,4,0
Apache ZooKeeper - Server,org.apache.zookeeper,ZooDefs.Ids,43,0,0,0,5,0,1,0,1,0
Apache ZooKeeper - Server,org.apache.zookeeper,Op.Check,68,0,10,0,12,0,10,0,5,0
Apache ZooKeeper - Server,org.apache.zookeeper,KeeperException.BadVersionException,9,0,0,0,4,0,2,0,2,0
Apache ZooKeeper - Server,org.apache.zookeeper,KeeperException.InvalidACLException,9,0,0,0,4,0,2,0,2,0
Apache ZooKeeper - Server,org.apache.zookeeper,ClientCnxn.LocalCallback,15,0,0,0,6,0,1,0,1,0
Apache ZooKeeper - Server,org.apache.zookeeper,Environment.Entry,6,22,0,0,2,5,2,2,2,2
Apache ZooKeeper - Server,org.apache.zookeeper,Op.OpKind,24,0,0,0,3,0,1,0,1,0
Apache ZooKeeper - Server,org.apache.zookeeper,ClientCnxnSocket,247,0,10,0,57,0,19,0,14,0
Apache ZooKeeper - Server,org.apache.zookeeper,ClientCnxn.RWServerFoundException,4,0,0,0,2,0,1,0,1,0
Apache ZooKeeper - Server,org.apache.zookeeper,Op.GetData,54,0,8,0,11,0,9,0,5,0
Apache ZooKeeper - Server,org.apache.zookeeper,ClientCnxn.EventThread,846,0,106,0,172,0,61,0,8,0
Apache ZooKeeper - Server,org.apache.zookeeper,KeeperException.RuntimeInconsistencyException,4,0,0,0,2,0,1,0,1,0
Apache ZooKeeper - Server,org.apache.zookeeper,ZooKeeper.AddWatchRegistration,52,0,7,0,9,0,7,0,3,0
Apache ZooKeeper - Server,org.apache.zookeeper,KeeperException.EphemeralOnLocalSessionException,4,0,0,0,2,0,1,0,1,0
Apache ZooKeeper - Server,org.apache.zookeeper,ZKWatchManager,1049,0,75,0,232,0,62,0,21,0
Apache ZooKeeper - Server,org.apache.zookeeper,Quotas,43,0,0,0,5,0,5,0,5,0
Apache ZooKeeper - Server,org.apache.zookeeper,Op.Create,171,0,24,0,40,0,20,0,8,0
Apache ZooKeeper - Server,org.apache.zookeeper,KeeperException.SessionClosedRequireAuthException,9,0,0,0,4,0,2,0,2,0
Apache ZooKeeper - Server,org.apache.zookeeper,ClientCnxn.EndOfStreamException,14,0,0,0,3,0,2,0,2,0
Apache ZooKeeper - Server,org.apache.zookeeper,ClientCnxnSocketNetty.ZKClientHandler,163,0,12,0,37,0,11,0,5,0
Apache ZooKeeper - Server,org.apache.zookeeper,KeeperException.InvalidCallbackException,4,0,0,0,2,0,1,0,1,0
Apache ZooKeeper - Server,org.apache.zookeeper,Op.CreateTTL,93,0,6,0,14,0,10,0,7,0
Apache ZooKeeper - Server,org.apache.zookeeper,OpResult,9,0,0,0,4,0,2,0,2,0
Apache ZooKeeper - Server,org.apache.zookeeper,KeeperException.ReconfigInProgress,4,0,0,0,2,0,1,0,1,0
Apache ZooKeeper - Server,org.apache.zookeeper,KeeperException.RequestTimeoutException,4,0,0,0,2,0,1,0,1,0
Apache ZooKeeper - Server,org.apache.zookeeper,KeeperException.APIErrorException,4,0,0,0,2,0,1,0,1,0
Apache ZooKeeper - Server,org.apache.zookeeper,ZooKeeperTestable,47,0,0,0,13,0,4,0,4,0
Apache ZooKeeper - Server,org.apache.zookeeper,ClientCnxn.SessionExpiredException,4,0,0,0,2,0,1,0,1,0
Apache ZooKeeper - Server,org.apache.zookeeper,ClientCnxn.AuthData,9,0,0,0,4,0,1,0,1,0
Apache ZooKeeper - Server,org.apache.zookeeper,Shell,348,0,24,0,84,0,30,0,18,0
Apache ZooKeeper - Server,org.apache.zookeeper,Transaction,65,0,0,0,15,0,7,0,7,0
Apache ZooKeeper - Server,org.apache.zookeeper,SaslServerPrincipal.WrapperInetAddress,18,0,0,0,6,0,4,0,4,0
Apache ZooKeeper - Server,org.apache.zookeeper,ZooKeeperMain.MyCommandOptions,229,0,22,0,54,0,20,0,9,0
Apache ZooKeeper - Server,org.apache.zookeeper,ZKUtil.BatchedDeleteCbContext,15,0,0,0,4,0,1,0,1,0
Apache ZooKeeper - Server,org.apache.zookeeper,SaslServerPrincipal,108,0,8,0,25,0,8,0,4,0
Apache ZooKeeper - Server,org.apache.zookeeper,OpResult.ErrorResult,46,0,8,0,11,0,8,0,4,0
Apache ZooKeeper - Server,org.apache.zookeeper,ClientCnxnSocketNetty.ZKClientPipelineFactory,86,0,6,0,19,0,6,0,3,0
Apache ZooKeeper - Server,org.apache.zookeeper,ZooKeeper.DataWatchRegistration,13,0,0,0,4,0,2,0,2,0
Apache ZooKeeper - Server,org.apache.zookeeper,ClientCnxn,745,0,45,0,182,0,53,0,30,0
Apache ZooKeeper - Server,org.apache.zookeeper,KeeperException.NotEmptyException,9,0,0,0,4,0,2,0,2,0
Apache ZooKeeper - Server,org.apache.zookeeper,Watcher.WatcherType,61,0,4,0,13,0,7,0,4,0
Apache ZooKeeper - Server,org.apache.zookeeper,ZooKeeperMain,771,0,68,0,159,0,51,0,17,0
Apache ZooKeeper - Server,org.apache.zookeeper,AddWatchMode,37,0,0,0,7,0,3,0,3,0
Apache ZooKeeper - Server,org.apache.zookeeper,KeeperException.DataInconsistencyException,4,0,0,0,2,0,1,0,1,0
Apache ZooKeeper - Server,org.apache.zookeeper,Watcher.Event.EventType,126,0,9,0,23,0,12,0,4,0
Apache ZooKeeper - Server,org.apache.zookeeper,ClientCnxn.Packet,193,0,6,0,37,0,7,0,4,0
Apache ZooKeeper - Server,org.apache.zookeeper,ZooKeeperMain.MyWatcher,32,0,8,0,9,0,6,0,2,0
Apache ZooKeeper - Server,org.apache.zookeeper,CreateMode,200,0,16,0,41,0,23,0,9,0
Apache ZooKeeper - Server,org.apache.zookeeper,ClientCnxnSocketNetty,471,0,56,0,129,0,54,0,26,0
Apache ZooKeeper - Server,org.apache.zookeeper,ClientCnxn.WatcherSetEventPair,9,0,0,0,4,0,1,0,1,0
Apache ZooKeeper - Server,org.apache.zookeeper,KeeperException.OperationTimeoutException,4,0,0,0,2,0,1,0,1,0
Apache ZooKeeper - Server,org.apache.zookeeper,ZKUtil,131,342,12,34,33,64,12,26,6,9
Apache ZooKeeper - Server,org.apache.zookeeper,KeeperException.UnknownSessionException,4,0,0,0,2,0,1,0,1,0
Apache ZooKeeper - Server,org.apache.zookeeper,ZookeeperBanner,3,64,0,2,1,4,1,3,1,2
Apache ZooKeeper - Server,org.apache.zookeeper,ServerAdminClient,634,0,32,0,170,0,26,0,10,0
Apache ZooKeeper - Server,org.apache.zookeeper,Watcher.Event.KeeperState,139,0,10,0,25,0,13,0,4,0
Apache ZooKeeper - Server,org.apache.zookeeper,KeeperException,304,0,68,0,89,0,77,0,14,0
Apache ZooKeeper - Server,org.apache.zookeeper,ClientCnxnSocketNetty.WakeupPacket,15,0,0,0,4,0,3,0,3,0
Apache ZooKeeper - Server,org.apache.zookeeper,KeeperException.UnimplementedException,4,0,0,0,2,0,1,0,1,0
Apache ZooKeeper - Server,org.apache.zookeeper,KeeperException.ThrottledOpException,4,0,0,0,2,0,1,0,1,0
Apache ZooKeeper - Server,org.apache.zookeeper,KeeperException.NoChildrenForEphemeralsException,9,0,0,0,4,0,2,0,2,0
Apache ZooKeeper - Server,org.apache.zookeeper,ClientCnxn.SessionTimeoutException,4,0,0,0,2,0,1,0,1,0
Apache ZooKeeper - Server,org.apache.zookeeper,ClientCnxnSocketNIO,620,0,84,0,189,0,67,0,25,0
Apache ZooKeeper - Server,org.apache.zookeeper,StatsTrack,261,0,20,0,60,0,28,0,18,0
Apache ZooKeeper - Server,org.apache.zookeeper,Op,123,0,4,0,24,0,16,0,14,0
Apache ZooKeeper - Server,org.apache.zookeeper,KeeperException.NoAuthException,4,0,0,0,2,0,1,0,1,0
Apache ZooKeeper - Server,org.apache.zookeeper,SaslServerPrincipal.WrapperInetSocketAddress,27,0,2,0,7,0,5,0,4,0
Apache ZooKeeper - Server,org.apache.zookeeper,ZooKeeper.ExistsWatchRegistration,34,0,6,0,6,0,6,0,3,0
Apache ZooKeeper - Server,org.apache.zookeeper,WatchDeregistration,34,0,0,0,9,0,3,0,3,0
Apache ZooKeeper - Server,org.apache.zookeeper,KeeperException.BadArgumentsException,9,0,0,0,4,0,2,0,2,0
Apache ZooKeeper - Server,org.apache.zookeeper,OpResult.CreateResult,103,0,22,0,19,0,18,0,7,0
Apache ZooKeeper - Server,org.apache.zookeeper,JLineZNodeCompleter,142,0,18,0,33,0,13,0,4,0
Apache ZooKeeper - Server,org.apache.zookeeper,Op.Delete,68,0,10,0,12,0,10,0,5,0
Apache ZooKeeper - Server,org.apache.zookeeper,MultiOperationRecord,378,0,38,0,95,0,33,0,11,0
Apache ZooKeeper - Server,org.apache.zookeeper,OpResult.DeleteResult,30,0,6,0,9,0,6,0,3,0
Apache ZooKeeper - Server,org.apache.zookeeper,ZooDefs,67,0,0,0,2,0,2,0,2,0
Apache ZooKeeper - Server,org.apache.zookeeper,Shell.new Thread() {...},44,0,4,0,10,0,4,0,2,0
Apache ZooKeeper - Server,org.apache.zookeeper,KeeperException.ReconfigDisabledException,9,0,0,0,4,0,2,0,2,0
Apache ZooKeeper - Server,org.apache.zookeeper,KeeperException.NewConfigNoQuorum,4,0,0,0,2,0,1,0,1,0
Apache ZooKeeper - Server,org.apache.zookeeper,ZooKeeper.ChildWatchRegistration,13,0,0,0,4,0,2,0,2,0
Apache ZooKeeper - Server,org.apache.zookeeper,Version,63,44,13,1,17,5,11,5,4,5
Apache ZooKeeper - Server,org.apache.zookeeper,Op.SetData,85,0,12,0,15,0,11,0,5,0
Apache ZooKeeper - Server,org.apache.zookeeper,OpResult.GetDataResult,83,0,14,0,13,0,12,0,5,0
Apache ZooKeeper - Server,org.apache.zookeeper,KeeperException.SessionMovedException,4,0,0,0,2,0,1,0,1,0
Apache ZooKeeper - Server,org.apache.zookeeper,Environment,8,177,0,2,3,30,1,4,1,3
Apache ZooKeeper - Server,org.apache.zookeeper,Op.GetChildren,54,0,8,0,11,0,9,0,5,0
Apache ZooKeeper - Server,org.apache.zookeeper,Shell.ShellTimeoutTimerTask,28,0,4,0,11,0,4,0,2,0
Apache ZooKeeper - Server,org.apache.zookeeper,KeeperException.NotReadOnlyException,4,0,0,0,2,0,1,0,1,0
Apache ZooKeeper - Server,org.apache.zookeeper,Shell.ShellCommandExecutor,127,0,12,0,31,0,15,0,9,0
Apache ZooKeeper - Server,org.apache.zookeeper,KeeperException.NoWatcherException,9,0,0,0,4,0,2,0,2,0
Apache ZooKeeper - Server,org.apache.zookeeper,ZooKeeper.States,94,0,8,0,10,0,7,0,3,0
Apache ZooKeeper - Server,org.apache.zookeeper,OpResult.SetDataResult,52,0,8,0,11,0,8,0,4,0
Apache ZooKeeper - Server,org.apache.zookeeper,KeeperException.MarshallingErrorException,4,0,0,0,2,0,1,0,1,0
Apache ZooKeeper - Server,org.apache.zookeeper,OpResult.CheckResult,30,0,6,0,9,0,6,0,3,0
Apache ZooKeeper - Server,org.apache.zookeeper,MultiResponse,418,0,41,0,92,0,36,0,9,0
Apache ZooKeeper - Server,org.apache.zookeeper.server.embedded,ZooKeeperServerEmbeddedImpl,425,0,19,0,74,0,17,0,7,0
Apache ZooKeeper - Server,org.apache.zookeeper.server.embedded,ZooKeeperServerEmbedded.ZookKeeperServerEmbeddedBuilder,53,0,4,0,13,0,7,0,5,0
Apache ZooKeeper - Server,org.apache.zookeeper.server.embedded,ZooKeeperServerEmbeddedImpl.1.new QuorumPeer() {...},19,0,0,0,5,0,2,0,2,0
Apache ZooKeeper - Server,org.apache.zookeeper.server.embedded,ZooKeeperServerEmbeddedImpl.new Thread() {...},46,0,4,0,13,0,4,0,2,0
Apache ZooKeeper - Server,org.apache.zookeeper.server.embedded,ZooKeeperServerEmbeddedImpl.new QuorumPeerMain() {...},14,0,0,0,2,0,2,0,2,0
Apache ZooKeeper - Server,org.apache.zookeeper.server.embedded,ZooKeeperServerEmbeddedImpl.new Thread() {...},52,0,4,0,15,0,4,0,2,0
Apache ZooKeeper - Server,org.apache.zookeeper.server.embedded,ZooKeeperServerEmbeddedImpl.new ZooKeeperServerMain() {...},18,0,0,0,4,0,2,0,2,0
Apache ZooKeeper - Server,org.apache.zookeeper.server.embedded,ExitHandler,24,0,0,0,3,0,1,0,1,0
Apache ZooKeeper - Server,org.apache.zookeeper.server.embedded,ZooKeeperServerEmbedded,4,0,0,0,1,0,1,0,1,0
Apache ZooKeeper - Server,org.apache.zookeeper.version,Info,2,6,1,1,0,1,1,1,0,1
Apache ZooKeeper - Server,org.apache.zookeeper.version,VersionInfoMain,7,0,0,0,3,0,2,0,2,0
Apache ZooKeeper - Server,org.apache.zookeeper.server,SessionTrackerImpl,566,0,52,0,143,0,53,0,27,0
Apache ZooKeeper - Server,org.apache.zookeeper.server,ServerCnxn.CloseRequestException,10,0,0,0,4,0,2,0,2,0
Apache ZooKeeper - Server,org.apache.zookeeper.server,ServerCnxn.EndOfStreamException,20,0,0,0,5,0,3,0,3,0
Apache ZooKeeper - Server,org.apache.zookeeper.server,ZooKeeperServer.State,44,0,0,0,5,0,1,0,1,0
Apache ZooKeeper - Server,org.apache.zookeeper.server,ServerConfig,211,0,8,0,54,0,23,0,19,0
Apache ZooKeeper - Server,org.apache.zookeeper.server,NIOServerCnxnFactory.ConnectionExpirerThread,51,0,6,0,17,0,5,0,2,0
Apache ZooKeeper - Server,org.apache.zookeeper.server,WorkerService.ScheduledWorkRequest,30,0,2,0,12,0,3,0,2,0
Apache ZooKeeper - Server,org.apache.zookeeper.server,ZooKeeperServerListenerImpl,21,0,0,0,7,0,3,0,3,0
Apache ZooKeeper - Server,org.apache.zookeeper.server,ExitCode,114,0,0,0,14,0,3,0,3,0
Apache ZooKeeper - Server,org.apache.zookeeper.server,ContainerManager,295,0,34,0,63,0,27,0,10,0
Apache ZooKeeper - Server,org.apache.zookeeper.server,ServerMetrics,17,684,0,0,6,126,3,3,3,3
Apache ZooKeeper - Server,org.apache.zookeeper.server,NettyServerCnxnFactory.CertificateVerifier,172,0,12,0,46,0,8,0,2,0
Apache ZooKeeper - Server,org.apache.zookeeper.server,RequestProcessor.RequestProcessorException,5,0,0,0,2,0,1,0,1,0
Apache ZooKeeper - Server,org.apache.zookeeper.server,NIOServerCnxnFactory,722,0,68,0,185,0,61,0,27,0
Apache ZooKeeper - Server,org.apache.zookeeper.server,FinalRequestProcessor,1458,0,134,0,359,0,93,0,10,0
Apache ZooKeeper - Server,org.apache.zookeeper.server,ZooKeeperServerConf,124,0,0,0,31,0,11,0,11,0
Apache ZooKeeper - Server,org.apache.zookeeper.server,AuthenticationHelper,201,0,22,0,50,0,22,0,11,0
Apache ZooKeeper - Server,org.apache.zookeeper.server,NettyServerCnxn.ReadEvent,24,0,0,0,3,0,1,0,1,0
Apache ZooKeeper - Server,org.apache.zookeeper.server,DataTree.ZxidDigest,81,0,4,0,23,0,9,0,7,0
Apache ZooKeeper - Server,org.apache.zookeeper.server,DumbWatcher,39,0,0,0,23,0,20,0,20,0
Apache ZooKeeper - Server,org.apache.zookeeper.server,SyncRequestProcessor,411,0,46,0,105,0,36,0,13,0
Apache ZooKeeper - Server,org.apache.zookeeper.server,RequestThrottler,287,0,36,0,100,0,35,0,17,0
Apache ZooKeeper - Server,org.apache.zookeeper.server,ByteBufferInputStream,89,0,8,0,22,0,11,0,7,0
Apache ZooKeeper - Server,org.apache.zookeeper.server,SyncRequestProcessor.new ZooKeeperThread() {...},21,0,0,0,6,0,2,0,2,0
Apache ZooKeeper - Server,org.apache.zookeeper.server,ConnectionBean,228,0,8,0,49,0,28,0,24,0
Apache ZooKeeper - Server,org.apache.zookeeper.server,NettyServerCnxn.new ChannelFutureListener() {...},18,0,0,0,3,0,3,0,3,0
Apache ZooKeeper - Server,org.apache.zookeeper.server,ZooTrace,79,0,10,0,17,0,13,0,8,0
Apache ZooKeeper - Server,org.apache.zookeeper.server,SnapshotComparer.TreeInfo.TreeNode.AlphabeticComparator,22,0,6,0,8,0,5,0,2,0
Apache ZooKeeper - Server,org.apache.zookeeper.server,ExpiryQueue,278,0,30,0,67,0,23,0,8,0
Apache ZooKeeper - Server,org.apache.zookeeper.server,WorkerService.DaemonThreadFactory,73,0,6,0,15,0,6,0,3,0
Apache ZooKeeper - Server,org.apache.zookeeper.server,NIOServerCnxnFactory.AbstractSelectThread,55,0,4,0,25,0,7,0,5,0
Apache ZooKeeper - Server,org.apache.zookeeper.server,NIOServerCnxnFactory.SelectorThread,297,0,38,0,82,0,27,0,8,0
Apache ZooKeeper - Server,org.apache.zookeeper.server,ObserverBean,59,0,6,0,14,0,9,0,6,0
Apache ZooKeeper - Server,org.apache.zookeeper.server,SnapshotComparer.TreeInfo,189,0,6,0,28,0,7,0,4,0
Apache ZooKeeper - Server,org.apache.zookeeper.server,ZooKeeperServerBean,433,0,8,0,134,0,87,0,83,0
Apache ZooKeeper - Server,org.apache.zookeeper.server,NettyServerCnxn,1124,0,124,0,257,0,94,0,32,0
Apache ZooKeeper - Server,org.apache.zookeeper.server,SnapshotComparer,934,0,84,0,195,0,56,0,14,0
Apache ZooKeeper - Server,org.apache.zookeeper.server,TxnLogEntry,0,21,0,0,0,8,0,4,0,4
Apache ZooKeeper - Server,org.apache.zookeeper.server,RateLogger,125,23,12,0,29,9,9,2,3,2
Apache ZooKeeper - Server,org.apache.zookeeper.server,ZooKeeperSaslServer,42,0,0,0,10,0,6,0,6,0
Apache ZooKeeper - Server,org.apache.zookeeper.server,ZooKeeperServer.ChangeRecord,61,0,4,0,15,0,4,0,2,0
Apache ZooKeeper - Server,org.apache.zookeeper.server,ZooKeeperServer.PrecalculatedDigest,9,0,0,0,4,0,1,0,1,0
Apache ZooKeeper - Server,org.apache.zookeeper.server,SnapshotComparer.TreeInfo.TreeNode,149,0,10,0,30,0,8,0,3,0
Apache ZooKeeper - Server,org.apache.zookeeper.server,UnimplementedRequestProcessor,41,0,0,0,11,0,3,0,3,0
Apache ZooKeeper - Server,org.apache.zookeeper.server,ReferenceCountedACLCache,423,0,40,0,105,0,32,0,12,0
Apache ZooKeeper - Server,org.apache.zookeeper.server,PrepRequestProcessor.DigestOpCode,44,0,0,0,2,0,1,0,1,0
Apache ZooKeeper - Server,org.apache.zookeeper.server,ZooKeeperThread,28,0,0,0,7,0,4,0,4,0
Apache ZooKeeper - Server,org.apache.zookeeper.server,BlueThrottle,440,0,40,0,124,0,47,0,27,0
Apache ZooKeeper - Server,org.apache.zookeeper.server,DataTree,3606,0,336,0,848,0,256,0,78,0
Apache ZooKeeper - Server,org.apache.zookeeper.server,ServerCnxn,808,0,69,0,218,0,75,0,40,0
Apache ZooKeeper - Server,org.apache.zookeeper.server,ByteBufferOutputStream,38,0,0,0,12,0,5,0,5,0
Apache ZooKeeper - Server,org.apache.zookeeper.server,NettyServerCnxnFactory.DualModeSslHandler,126,0,8,0,27,0,9,0,5,0
Apache ZooKeeper - Server,org.apache.zookeeper.server,TxnLogProposalIterator,101,0,6,0,29,0,10,0,7,0
Apache ZooKeeper - Server,org.apache.zookeeper.server,EphemeralTypeEmulate353,81,0,10,0,13,0,8,0,3,0
Apache ZooKeeper - Server,org.apache.zookeeper.server,ServerStats,361,0,8,0,83,0,41,0,37,0
Apache ZooKeeper - Server,org.apache.zookeeper.server,ServerCnxnHelper,15,0,4,0,6,0,4,0,2,0
Apache ZooKeeper - Server,org.apache.zookeeper.server,ServerCnxnFactory,415,0,34,0,113,0,42,0,25,0
Apache ZooKeeper - Server,org.apache.zookeeper.server,DatadirCleanupManager,111,0,6,0,32,0,12,0,9,0
Apache ZooKeeper - Server,org.apache.zookeeper.server,EphemeralType.new EphemeralType() {...},37,0,4,0,6,0,6,0,4,0
Apache ZooKeeper - Server,org.apache.zookeeper.server,ZKDatabase.new FileTxnSnapLog.PlayBackListener() {...},13,0,0,0,3,0,2,0,2,0
Apache ZooKeeper - Server,org.apache.zookeeper.server,ZKDatabase,735,0,34,0,206,0,72,0,55,0
Apache ZooKeeper - Server,org.apache.zookeeper.server,ResponseCache.LRUCache,18,0,2,0,4,0,3,0,2,0
Apache ZooKeeper - Server,org.apache.zookeeper.server,NIOServerCnxn.SendBufferWriter,62,0,8,0,16,0,9,0,5,0
Apache ZooKeeper - Server,org.apache.zookeeper.server,NodeHashMapImpl,133,0,12,0,38,0,19,0,13,0
Apache ZooKeeper - Server,org.apache.zookeeper.server,ZooKeeperServer,3958,134,390,3,978,37,355,5,155,5
Apache ZooKeeper - Server,org.apache.zookeeper.server,DataTree.ProcessTxnResult,36,0,6,0,6,0,6,0,3,0
Apache ZooKeeper - Server,org.apache.zookeeper.server,PurgeTxnLog,275,0,24,0,70,0,21,0,9,0
Apache ZooKeeper - Server,org.apache.zookeeper.server,EphemeralType,170,0,22,0,37,0,21,0,10,0
Apache ZooKeeper - Server,org.apache.zookeeper.server,NettyServerCnxnFactory,782,0,68,0,198,0,68,0,34,0
Apache ZooKeeper - Server,org.apache.zookeeper.server,DataTreeBean,38,0,0,0,10,0,8,0,8,0
Apache ZooKeeper - Server,org.apache.zookeeper.server,SnapshotFormatter,664,0,48,0,123,0,36,0,12,0
Apache ZooKeeper - Server,org.apache.zookeeper.server,SessionTrackerImpl.SessionImpl,32,0,0,0,9,0,5,0,5,0
Apache ZooKeeper - Server,org.apache.zookeeper.server,NIOServerCnxnFactory.IOWorkRequest,83,0,12,0,23,0,9,0,3,0
Apache ZooKeeper - Server,org.apache.zookeeper.server,NettyServerCnxnFactory.new ChannelInitializer() {...},51,0,6,0,10,0,5,0,2,0
Apache ZooKeeper - Server,org.apache.zookeeper.server,WorkerService.WorkRequest,4,0,0,0,2,0,2,0,2,0
Apache ZooKeeper - Server,org.apache.zookeeper.server,DataNode,215,0,12,0,59,0,22,0,16,0
Apache ZooKeeper - Server,org.apache.zookeeper.server,NIOServerCnxnFactory.new ThreadLocal() {...},6,0,0,0,2,0,2,0,2,0
Apache ZooKeeper - Server,org.apache.zookeeper.server,ResponseCache,76,0,6,0,20,0,9,0,6,0
Apache ZooKeeper - Server,org.apache.zookeeper.server,DigestCalculator,109,0,10,0,29,0,9,0,4,0
Apache ZooKeeper - Server,org.apache.zookeeper.server,ZooKeeperServer.MissingSessionException,4,0,0,0,2,0,1,0,1,0
Apache ZooKeeper - Server,org.apache.zookeeper.server,ZooKeeperServerShutdownHandler,16,0,4,0,6,0,4,0,2,0
Apache ZooKeeper - Server,org.apache.zookeeper.server,NIOServerCnxnFactory.AcceptThread,290,0,28,0,69,0,20,0,6,0
Apache ZooKeeper - Server,org.apache.zookeeper.server,TraceFormatter,140,0,6,0,32,0,5,0,2,0
Apache ZooKeeper - Server,org.apache.zookeeper.server,NettyServerCnxnFactory.CnxnChannelHandler,423,0,62,0,104,0,40,0,9,0
Apache ZooKeeper - Server,org.apache.zookeeper.server,ZooKeeperServerMain,404,0,36,0,133,0,28,0,10,0
Apache ZooKeeper - Server,org.apache.zookeeper.server,NettyServerCnxn.SendBufferWriter,67,0,8,0,16,0,9,0,5,0
Apache ZooKeeper - Server,org.apache.zookeeper.server,NettyServerCnxn.HandshakeState,34,0,0,0,4,0,1,0,1,0
Apache ZooKeeper - Server,org.apache.zookeeper.server,NIOServerCnxn,1124,0,126,0,291,0,103,0,40,0
Apache ZooKeeper - Server,org.apache.zookeeper.server,ClientCnxnLimitException,4,0,0,0,2,0,1,0,1,0
Apache ZooKeeper - Server,org.apache.zookeeper.server,ContainerManager.new TimerTask() {...},26,0,0,0,10,0,2,0,2,0
Apache ZooKeeper - Server,org.apache.zookeeper.server,ServerCnxn.DisconnectReason,323,0,0,0,33,0,3,0,3,0
Apache ZooKeeper - Server,org.apache.zookeeper.server,PrepRequestProcessor,2782,0,258,0,604,0,166,0,27,0
Apache ZooKeeper - Server,org.apache.zookeeper.server,Request,472,76,95,1,132,23,99,3,34,3
Apache ZooKeeper - Server,org.apache.zookeeper.server,ReferenceCountedACLCache.AtomicLongWithEquals,40,0,8,0,9,0,8,0,4,0
Apache ZooKeeper - Server,org.apache.zookeeper.server,ZooKeeperCriticalThread,27,0,0,0,8,0,3,0,3,0
Apache ZooKeeper - Server,org.apache.zookeeper.server,DatadirCleanupManager.PurgeTaskStatus,34,0,0,0,4,0,1,0,1,0
Apache ZooKeeper - Server,org.apache.zookeeper.server,NettyServerCnxnFactory.ReadIssuedTrackingHandler,38,0,4,0,11,0,5,0,3,0
Apache ZooKeeper - Server,org.apache.zookeeper.server,WorkerService,197,0,20,0,52,0,17,0,7,0
Apache ZooKeeper - Server,org.apache.zookeeper.server,DatadirCleanupManager.PurgeTask,32,0,0,0,12,0,2,0,2,0
Apache ZooKeeper - Server,org.apache.zookeeper.server,PurgeTxnLog.new FileFilter() {...},49,0,6,0,9,0,5,0,2,0
Apache ZooKeeper - Server,org.apache.zookeeper.jmx,ManagedUtil,176,0,6,0,44,0,7,0,4,0
Apache ZooKeeper - Server,org.apache.zookeeper.jmx,MBeanRegistry,338,0,38,0,81,0,32,0,13,0
Apache ZooKeeper - Server,org.apache.zookeeper.server.watch,WatchManager,721,0,95,0,158,0,68,0,19,0
Apache ZooKeeper - Server,org.apache.zookeeper.server.watch,PathParentIterator,97,0,12,0,21,0,15,0,9,0
Apache ZooKeeper - Server,org.apache.zookeeper.server.watch,WatchesSummary,48,0,0,0,13,0,5,0,5,0
Apache ZooKeeper - Server,org.apache.zookeeper.server.watch,WatcherModeManager,89,0,8,0,19,0,11,0,7,0
Apache ZooKeeper - Server,org.apache.zookeeper.server.watch,WatcherMode,77,0,3,0,15,0,7,0,5,0
Apache ZooKeeper - Server,org.apache.zookeeper.server.watch,WatcherOrBitSet,49,0,8,0,17,0,9,0,5,0
Apache ZooKeeper - Server,org.apache.zookeeper.server.watch,WatcherCleaner.new WorkerService.WorkRequest() {...},64,0,0,0,12,0,2,0,2,0
Apache ZooKeeper - Server,org.apache.zookeeper.server.watch,WatchesReport,62,0,4,0,12,0,7,0,5,0
Apache ZooKeeper - Server,org.apache.zookeeper.server.watch,WatchManagerOptimized,718,0,77,0,158,0,61,0,21,0
Apache ZooKeeper - Server,org.apache.zookeeper.server.watch,WatcherCleaner,308,0,24,0,81,0,18,0,6,0
Apache ZooKeeper - Server,org.apache.zookeeper.server.watch,WatchManagerFactory,47,0,2,0,11,0,4,0,3,0
Apache ZooKeeper - Server,org.apache.zookeeper.server.watch,WatcherModeManager.Key,56,0,10,0,11,0,8,0,3,0
Apache ZooKeeper - Server,org.apache.zookeeper.server.watch,IWatchManager,14,0,2,0,4,0,3,0,2,0
Apache ZooKeeper - Server,org.apache.zookeeper.server.watch,WatchesPathReport,60,0,4,0,12,0,7,0,5,0
Apache ZooKeeper - Server,org.apache.zookeeper.server.persistence,FileTxnSnapLog.SnapDirContentCheckException,4,0,0,0,2,0,1,0,1,0
Apache ZooKeeper - Server,org.apache.zookeeper.server.persistence,TxnLogToolkit.TxnLogToolkitException,12,0,0,0,4,0,2,0,2,0
Apache ZooKeeper - Server,org.apache.zookeeper.server.persistence,FileTxnSnapLog,805,0,73,0,172,0,66,0,29,0
Apache ZooKeeper - Server,org.apache.zookeeper.server.persistence,TxnLogToolkit,1098,0,84,0,210,0,63,0,20,0
Apache ZooKeeper - Server,org.apache.zookeeper.server.persistence,SnapshotInfo,9,0,0,0,4,0,1,0,1,0
Apache ZooKeeper - Server,org.apache.zookeeper.server.persistence,FileTxnLog.PositionInputStream,43,41,6,2,11,12,9,4,5,4
Apache ZooKeeper - Server,org.apache.zookeeper.server.persistence,FilePadding,27,71,3,7,9,18,5,7,2,5
Apache ZooKeeper - Server,org.apache.zookeeper.server.persistence,Util,107,109,5,11,21,29,15,11,11,7
Apache ZooKeeper - Server,org.apache.zookeeper.server.persistence,FileTxnSnapLog.new FilenameFilter() {...},9,0,0,0,2,0,2,0,2,0
Apache ZooKeeper - Server,org.apache.zookeeper.server.persistence,FileTxnSnapLog.new FilenameFilter() {...},9,0,0,0,2,0,2,0,2,0
Apache ZooKeeper - Server,org.apache.zookeeper.server.persistence,SnapStream.StreamMode,91,0,6,0,14,0,8,0,5,0
Apache ZooKeeper - Server,org.apache.zookeeper.server.persistence,TxnLogToolkit.TxnLogToolkitParseException,12,0,0,0,4,0,2,0,2,0
Apache ZooKeeper - Server,org.apache.zookeeper.server.persistence,FileSnap,340,0,32,0,89,0,27,0,11,0
Apache ZooKeeper - Server,org.apache.zookeeper.server.persistence,Util.DataDirFileComparator,1,42,1,5,0,8,1,4,0,2
Apache ZooKeeper - Server,org.apache.zookeeper.server.persistence,FileTxnSnapLog.DatadirException,9,0,0,0,4,0,2,0,2,0
Apache ZooKeeper - Server,org.apache.zookeeper.server.persistence,FileTxnLog,242,423,29,35,68,97,33,22,12,11
Apache ZooKeeper - Server,org.apache.zookeeper.server.persistence,FileTxnSnapLog.LogDirContentCheckException,4,0,0,0,2,0,1,0,1,0
Apache ZooKeeper - Server,org.apache.zookeeper.server.persistence,FileTxnLog.FileTxnIterator,57,276,8,26,12,71,8,22,1,12
Apache ZooKeeper - Server,org.apache.zookeeper.server.persistence,SnapStream,432,0,37,0,101,0,33,0,13,0
